Time, Lat, Long, Course (Degs), Speed (M/Sec)
12/01/2010 12:00:00, 60.4, 0, 355, 6.173
12/01/2010 12:00:10, 60.400553, -0.000098, 355, 6.173
12/01/2010 12:00:20, 60.401107, -0.000196, 355, 6.173
12/01/2010 12:00:30, 60.40166, -0.000294, 355, 6.173
12/01/2010 12:00:40, 60.402214, -0.000392, 355, 6.173
12/01/2010 12:00:50, 60.402767, -0.00049, 355, 6.173
12/01/2010 12:01:00, 60.403321, -0.000588, 355, 6.173
12/01/2010 12:01:10, 60.403874, -0.000686, 355, 6.173
12/01/2010 12:01:20, 60.404428, -0.000784, 355, 6.173
12/01/2010 12:01:30, 60.404981, -0.000882, 355, 6.173
12/01/2010 12:01:40, 60.405534, -0.00098, 355, 6.173
12/01/2010 12:01:50, 60.406088, -0.001078, 355, 6.173
12/01/2010 12:02:00, 60.406641, -0.001176, 355, 6.173
12/01/2010 12:02:10, 60.407195, -0.001274, 355, 6.173
12/01/2010 12:02:20, 60.407748, -0.001373, 355, 6.173
12/01/2010 12:02:30, 60.408302, -0.001471, 355, 6.173
12/01/2010 12:02:40, 60.408855, -0.001569, 355, 6.173
12/01/2010 12:02:50, 60.409409, -0.001667, 355, 6.173
12/01/2010 12:03:00, 60.409962, -0.001765, 355, 6.173
12/01/2010 12:03:10, 60.410515, -0.001863, 355, 6.173
12/01/2010 12:03:20, 60.411069, -0.001961, 355, 6.173
12/01/2010 12:03:30, 60.411622, -0.002059, 355, 6.173
12/01/2010 12:03:40, 60.412176, -0.002157, 355, 6.173
12/01/2010 12:03:50, 60.412729, -0.002255, 355, 6.173
12/01/2010 12:04:00, 60.413283, -0.002353, 355, 6.173
12/01/2010 12:04:10, 60.413836, -0.002451, 355, 6.173
12/01/2010 12:04:20, 60.414389, -0.002549, 355, 6.173
12/01/2010 12:04:30, 60.414943, -0.002647, 355, 6.173
12/01/2010 12:04:40, 60.415496, -0.002745, 355, 6.173
12/01/2010 12:04:50, 60.41605, -0.002843, 355, 6.173
12/01/2010 12:05:00, 60.416603, -0.002942, 355, 6.173
12/01/2010 12:05:10, 60.417157, -0.00304, 355, 6.173
12/01/2010 12:05:20, 60.41771, -0.003138, 355, 6.173
12/01/2010 12:05:30, 60.418264, -0.003236, 355, 6.173
12/01/2010 12:05:40, 60.418817, -0.003334, 355, 6.173
12/01/2010 12:05:50, 60.41937, -0.003432, 355, 6.173
12/01/2010 12:06:00, 60.419924, -0.00353, 355, 6.173
12/01/2010 12:06:10, 60.420477, -0.003628, 355, 6.173
12/01/2010 12:06:20, 60.421031, -0.003726, 355, 6.173
12/01/2010 12:06:30, 60.421584, -0.003824, 355, 6.173
12/01/2010 12:06:40, 60.422138, -0.003922, 355, 6.173
12/01/2010 12:06:50, 60.422691, -0.004021, 355, 6.173
12/01/2010 12:07:00, 60.423245, -0.004119, 355, 6.173
12/01/2010 12:07:10, 60.423798, -0.004217, 355, 6.173
12/01/2010 12:07:20, 60.424351, -0.004315, 355, 6.173
12/01/2010 12:07:30, 60.424905, -0.004413, 355, 6.173
12/01/2010 12:07:40, 60.425458, -0.004511, 355, 6.173
12/01/2010 12:07:50, 60.426012, -0.004609, 355, 6.173
12/01/2010 12:08:00, 60.426565, -0.004707, 355, 6.173
12/01/2010 12:08:10, 60.427119, -0.004805, 355, 6.173
12/01/2010 12:08:20, 60.427672, -0.004903, 355, 6.173
12/01/2010 12:08:30, 60.428226, -0.005002, 355, 6.173
12/01/2010 12:08:40, 60.428779, -0.0051, 355, 6.173
12/01/2010 12:08:50, 60.429332, -0.005198, 355, 6.173
12/01/2010 12:09:00, 60.429886, -0.005296, 355, 6.173
12/01/2010 12:09:10, 60.430439, -0.005394, 355, 6.173
12/01/2010 12:09:20, 60.430993, -0.005492, 355, 6.173
12/01/2010 12:09:30, 60.431546, -0.00559, 355, 6.173
12/01/2010 12:09:40, 60.4321, -0.005688, 355, 6.173
12/01/2010 12:09:50, 60.432653, -0.005787, 355, 6.173
12/01/2010 12:10:00, 60.433206, -0.005885, 355, 6.173
12/01/2010 12:10:10, 60.43376, -0.005983, 355, 6.173
12/01/2010 12:10:20, 60.434313, -0.006081, 355, 6.173
12/01/2010 12:10:30, 60.434867, -0.006179, 355, 6.173
12/01/2010 12:10:40, 60.43542, -0.006277, 355, 6.173
12/01/2010 12:10:50, 60.435974, -0.006375, 355, 6.173
12/01/2010 12:11:00, 60.436527, -0.006473, 355, 6.173
12/01/2010 12:11:10, 60.437081, -0.006572, 355, 6.173
12/01/2010 12:11:20, 60.437634, -0.00667, 355, 6.173
12/01/2010 12:11:30, 60.438187, -0.006768, 355, 6.173
12/01/2010 12:11:40, 60.438741, -0.006866, 355, 6.173
12/01/2010 12:11:50, 60.439294, -0.006964, 355, 6.173
12/01/2010 12:12:00, 60.439848, -0.007062, 355, 6.173
12/01/2010 12:12:10, 60.440401, -0.00716, 355, 6.173
12/01/2010 12:12:20, 60.440955, -0.007259, 355, 6.173
12/01/2010 12:12:30, 60.441508, -0.007357, 355, 6.173
12/01/2010 12:12:40, 60.442062, -0.007455, 355, 6.173
12/01/2010 12:12:50, 60.442615, -0.007553, 355, 6.173
12/01/2010 12:13:00, 60.443168, -0.007651, 355, 6.173
12/01/2010 12:13:10, 60.443722, -0.007749, 355, 6.173
12/01/2010 12:13:20, 60.444275, -0.007848, 355, 6.173
12/01/2010 12:13:30, 60.444829, -0.007946, 355, 6.173
12/01/2010 12:13:40, 60.445382, -0.008044, 355, 6.173
12/01/2010 12:13:50, 60.445936, -0.008142, 355, 6.173
12/01/2010 12:14:00, 60.446489, -0.00824, 355, 6.173
12/01/2010 12:14:10, 60.447043, -0.008338, 355, 6.173
12/01/2010 12:14:20, 60.447596, -0.008437, 355, 6.173
12/01/2010 12:14:30, 60.448149, -0.008535, 355, 6.173
12/01/2010 12:14:40, 60.448703, -0.008633, 355, 6.173
12/01/2010 12:14:50, 60.449256, -0.008731, 355, 6.173
12/01/2010 12:15:00, 60.44981, -0.008829, 355, 6.173
12/01/2010 12:15:10, 60.450363, -0.008927, 355, 6.173
12/01/2010 12:15:20, 60.450917, -0.009026, 355, 6.173
12/01/2010 12:15:30, 60.45147, -0.009124, 355, 6.173
12/01/2010 12:15:40, 60.452024, -0.009222, 355, 6.173
12/01/2010 12:15:50, 60.452577, -0.00932, 355, 6.173
12/01/2010 12:16:00, 60.45313, -0.009418, 355, 6.173
12/01/2010 12:16:10, 60.453684, -0.009517, 355, 6.173
12/01/2010 12:16:20, 60.454237, -0.009615, 355, 6.173
12/01/2010 12:16:30, 60.454791, -0.009713, 355, 6.173
12/01/2010 12:16:40, 60.455344, -0.009811, 355, 6.173
12/01/2010 12:16:50, 60.455898, -0.009909, 355, 6.173
12/01/2010 12:17:00, 60.456451, -0.010007, 355, 6.173
12/01/2010 12:17:10, 60.457004, -0.010106, 355, 6.173
12/01/2010 12:17:20, 60.457558, -0.010204, 355, 6.173
12/01/2010 12:17:30, 60.458111, -0.010302, 355, 6.173
12/01/2010 12:17:40, 60.458665, -0.0104, 355, 6.173
12/01/2010 12:17:50, 60.459218, -0.010498, 355, 6.173
12/01/2010 12:18:00, 60.459772, -0.010597, 355, 6.173
12/01/2010 12:18:10, 60.460325, -0.010695, 355, 6.173
12/01/2010 12:18:20, 60.460879, -0.010793, 355, 6.173
12/01/2010 12:18:30, 60.461432, -0.010891, 355, 6.173
12/01/2010 12:18:40, 60.461985, -0.01099, 355, 6.173
12/01/2010 12:18:50, 60.462539, -0.011088, 355, 6.173
12/01/2010 12:19:00, 60.463092, -0.011186, 355, 6.173
12/01/2010 12:19:10, 60.463646, -0.011284, 355, 6.173
12/01/2010 12:19:20, 60.464199, -0.011382, 355, 6.173
12/01/2010 12:19:30, 60.464753, -0.011481, 355, 6.173
12/01/2010 12:19:40, 60.465306, -0.011579, 355, 6.173
12/01/2010 12:19:50, 60.46586, -0.011677, 355, 6.173
12/01/2010 12:20:00, 60.466413, -0.011775, 355, 6.173
12/01/2010 12:20:10, 60.466966, -0.011874, 355, 6.173
12/01/2010 12:20:20, 60.46752, -0.011972, 355, 6.173
12/01/2010 12:20:30, 60.468073, -0.01207, 355, 6.173
12/01/2010 12:20:40, 60.468627, -0.012168, 355, 6.173
12/01/2010 12:20:50, 60.46918, -0.012266, 355, 6.173
12/01/2010 12:21:00, 60.469734, -0.012365, 355, 6.173
12/01/2010 12:21:10, 60.470287, -0.012463, 355, 6.173
12/01/2010 12:21:20, 60.470841, -0.012561, 355, 6.173
12/01/2010 12:21:30, 60.471394, -0.012659, 355, 6.173
12/01/2010 12:21:40, 60.471947, -0.012758, 355, 6.173
12/01/2010 12:21:50, 60.472501, -0.012856, 355, 6.173
12/01/2010 12:22:00, 60.473054, -0.012954, 355, 6.173
12/01/2010 12:22:10, 60.473608, -0.013052, 355, 6.173
12/01/2010 12:22:20, 60.474161, -0.013151, 355, 6.173
12/01/2010 12:22:30, 60.474715, -0.013249, 355, 6.173
12/01/2010 12:22:40, 60.475268, -0.013347, 355, 6.173
12/01/2010 12:22:50, 60.475821, -0.013445, 355, 6.173
12/01/2010 12:23:00, 60.476375, -0.013544, 355, 6.173
12/01/2010 12:23:10, 60.476928, -0.013642, 355, 6.173
12/01/2010 12:23:20, 60.477482, -0.01374, 355, 6.173
12/01/2010 12:23:30, 60.478035, -0.013838, 355, 6.173
12/01/2010 12:23:40, 60.478589, -0.013937, 355, 6.173
12/01/2010 12:23:50, 60.479142, -0.014035, 355, 6.173
12/01/2010 12:24:00, 60.479696, -0.014133, 355, 6.173
12/01/2010 12:24:10, 60.480249, -0.014232, 355, 6.173
12/01/2010 12:24:20, 60.480802, -0.01433, 355, 6.173
12/01/2010 12:24:30, 60.481356, -0.014428, 355, 6.173
12/01/2010 12:24:40, 60.481909, -0.014526, 355, 6.173
12/01/2010 12:24:50, 60.482463, -0.014625, 355, 6.173
12/01/2010 12:25:00, 60.483016, -0.014723, 355, 6.173
12/01/2010 12:25:10, 60.48357, -0.014821, 355, 6.173
12/01/2010 12:25:20, 60.484123, -0.014919, 355, 6.173
12/01/2010 12:25:30, 60.484677, -0.015018, 355, 6.173
12/01/2010 12:25:40, 60.48523, -0.015116, 355, 6.173
12/01/2010 12:25:50, 60.485783, -0.015214, 355, 6.173
12/01/2010 12:26:00, 60.486337, -0.015313, 355, 6.173
12/01/2010 12:26:10, 60.48689, -0.015411, 355, 6.173
12/01/2010 12:26:20, 60.487444, -0.015509, 355, 6.173
12/01/2010 12:26:30, 60.487997, -0.015607, 355, 6.173
12/01/2010 12:26:40, 60.488551, -0.015706, 355, 6.173
12/01/2010 12:26:50, 60.489104, -0.015804, 355, 6.173
12/01/2010 12:27:00, 60.489658, -0.015902, 355, 6.173
12/01/2010 12:27:10, 60.490211, -0.016001, 355, 6.173
12/01/2010 12:27:20, 60.490764, -0.016099, 355, 6.173
12/01/2010 12:27:30, 60.491318, -0.016197, 355, 6.173
12/01/2010 12:27:40, 60.491871, -0.016296, 355, 6.173
12/01/2010 12:27:50, 60.492425, -0.016394, 355, 6.173
12/01/2010 12:28:00, 60.492978, -0.016492, 355, 6.173
12/01/2010 12:28:10, 60.493532, -0.01659, 355, 6.173
12/01/2010 12:28:20, 60.494085, -0.016689, 355, 6.173
12/01/2010 12:28:30, 60.494638, -0.016787, 355, 6.173
12/01/2010 12:28:40, 60.495192, -0.016885, 355, 6.173
12/01/2010 12:28:50, 60.495745, -0.016984, 355, 6.173
12/01/2010 12:29:00, 60.496299, -0.017082, 355, 6.173
12/01/2010 12:29:10, 60.496852, -0.01718, 355, 6.173
12/01/2010 12:29:20, 60.497406, -0.017279, 355, 6.173
12/01/2010 12:29:30, 60.497959, -0.017377, 355, 6.173
12/01/2010 12:29:40, 60.498513, -0.017475, 355, 6.173
12/01/2010 12:29:50, 60.499066, -0.017574, 355, 6.173
12/01/2010 12:30:00, 60.499619, -0.017672, 355, 6.173
12/01/2010 12:30:10, 60.500173, -0.01777, 355, 6.173
12/01/2010 12:30:20, 60.500726, -0.017869, 355, 6.173
12/01/2010 12:30:30, 60.50128, -0.017967, 355, 6.173
12/01/2010 12:30:40, 60.501833, -0.018065, 355, 6.173
12/01/2010 12:30:50, 60.502387, -0.018164, 355, 6.173
12/01/2010 12:31:00, 60.50294, -0.018262, 355, 6.173
12/01/2010 12:31:10, 60.503494, -0.01836, 355, 6.173
12/01/2010 12:31:20, 60.504047, -0.018459, 355, 6.173
12/01/2010 12:31:30, 60.5046, -0.018557, 355, 6.173
12/01/2010 12:31:40, 60.505154, -0.018655, 355, 6.173
12/01/2010 12:31:50, 60.505707, -0.018754, 355, 6.173
12/01/2010 12:32:00, 60.506261, -0.018852, 355, 6.173
12/01/2010 12:32:10, 60.506814, -0.01895, 355, 6.173
12/01/2010 12:32:20, 60.507368, -0.019049, 355, 6.173
12/01/2010 12:32:30, 60.507921, -0.019147, 355, 6.173
12/01/2010 12:32:40, 60.508475, -0.019245, 355, 6.173
12/01/2010 12:32:50, 60.509028, -0.019344, 355, 6.173
12/01/2010 12:33:00, 60.509581, -0.019442, 355, 6.173
12/01/2010 12:33:10, 60.510135, -0.019541, 355, 6.173
12/01/2010 12:33:20, 60.510688, -0.019639, 355, 6.173
12/01/2010 12:33:30, 60.511242, -0.019737, 355, 6.173
12/01/2010 12:33:40, 60.511795, -0.019836, 355, 6.173
12/01/2010 12:33:50, 60.512349, -0.019934, 355, 6.173
12/01/2010 12:34:00, 60.512902, -0.020032, 355, 6.173
12/01/2010 12:34:10, 60.513456, -0.020131, 355, 6.173
12/01/2010 12:34:20, 60.514009, -0.020229, 355, 6.173
12/01/2010 12:34:30, 60.514562, -0.020327, 355, 6.173
12/01/2010 12:34:40, 60.515116, -0.020426, 355, 6.173
12/01/2010 12:34:50, 60.515669, -0.020524, 355, 6.173
12/01/2010 12:35:00, 60.516223, -0.020623, 355, 6.173
12/01/2010 12:35:10, 60.516776, -0.020721, 355, 6.173
12/01/2010 12:35:20, 60.51733, -0.020819, 355, 6.173
12/01/2010 12:35:30, 60.517883, -0.020918, 355, 6.173
12/01/2010 12:35:40, 60.518436, -0.021016, 355, 6.173
12/01/2010 12:35:50, 60.51899, -0.021115, 355, 6.173
12/01/2010 12:36:00, 60.519543, -0.021213, 355, 6.173
12/01/2010 12:36:10, 60.520097, -0.021311, 355, 6.173
12/01/2010 12:36:20, 60.52065, -0.02141, 355, 6.173
12/01/2010 12:36:30, 60.521204, -0.021508, 355, 6.173
12/01/2010 12:36:40, 60.521757, -0.021606, 355, 6.173
12/01/2010 12:36:50, 60.522311, -0.021705, 355, 6.173
12/01/2010 12:37:00, 60.522864, -0.021803, 355, 6.173
12/01/2010 12:37:10, 60.523417, -0.021902, 355, 6.173
12/01/2010 12:37:20, 60.523971, -0.022, 355, 6.173
12/01/2010 12:37:30, 60.524524, -0.022098, 355, 6.173
12/01/2010 12:37:40, 60.525078, -0.022197, 355, 6.173
12/01/2010 12:37:50, 60.525631, -0.022295, 355, 6.173
12/01/2010 12:38:00, 60.526185, -0.022394, 355, 6.173
12/01/2010 12:38:10, 60.526738, -0.022492, 355, 6.173
12/01/2010 12:38:20, 60.527292, -0.022591, 355, 6.173
12/01/2010 12:38:30, 60.527845, -0.022689, 355, 6.173
12/01/2010 12:38:40, 60.528398, -0.022787, 355, 6.173
12/01/2010 12:38:50, 60.528952, -0.022886, 355, 6.173
12/01/2010 12:39:00, 60.529505, -0.022984, 355, 6.173
12/01/2010 12:39:10, 60.530059, -0.023083, 355, 6.173
12/01/2010 12:39:20, 60.530612, -0.023181, 355, 6.173
12/01/2010 12:39:30, 60.531166, -0.023279, 355, 6.173
12/01/2010 12:39:40, 60.531719, -0.023378, 355, 6.173
12/01/2010 12:39:50, 60.532273, -0.023476, 355, 6.173
12/01/2010 12:40:00, 60.532826, -0.023575, 355, 6.173
12/01/2010 12:40:10, 60.533379, -0.023673, 355, 6.173
12/01/2010 12:40:20, 60.533933, -0.023772, 355, 6.173
12/01/2010 12:40:30, 60.534486, -0.02387, 355, 6.173
12/01/2010 12:40:40, 60.53504, -0.023968, 355, 6.173
12/01/2010 12:40:50, 60.535593, -0.024067, 355, 6.173
12/01/2010 12:41:00, 60.536147, -0.024165, 355, 6.173
12/01/2010 12:41:10, 60.5367, -0.024264, 355, 6.173
12/01/2010 12:41:20, 60.537253, -0.024362, 355, 6.173
12/01/2010 12:41:30, 60.537807, -0.024461, 355, 6.173
12/01/2010 12:41:40, 60.53836, -0.024559, 355, 6.173
12/01/2010 12:41:50, 60.538914, -0.024658, 355, 6.173
12/01/2010 12:42:00, 60.539467, -0.024756, 355, 6.173
12/01/2010 12:42:10, 60.540021, -0.024854, 355, 6.173
12/01/2010 12:42:20, 60.540574, -0.024953, 355, 6.173
12/01/2010 12:42:30, 60.541128, -0.025051, 355, 6.173
12/01/2010 12:42:40, 60.541681, -0.02515, 355, 6.173
12/01/2010 12:42:50, 60.542234, -0.025248, 355, 6.173
12/01/2010 12:43:00, 60.542788, -0.025347, 355, 6.173
12/01/2010 12:43:10, 60.543341, -0.025445, 355, 6.173
12/01/2010 12:43:20, 60.543895, -0.025544, 355, 6.173
12/01/2010 12:43:30, 60.544448, -0.025642, 355, 6.173
12/01/2010 12:43:40, 60.545002, -0.025741, 355, 6.173
12/01/2010 12:43:50, 60.545555, -0.025839, 355, 6.173
12/01/2010 12:44:00, 60.546109, -0.025938, 355, 6.173
12/01/2010 12:44:10, 60.546662, -0.026036, 355, 6.173
12/01/2010 12:44:20, 60.547215, -0.026134, 355, 6.173
12/01/2010 12:44:30, 60.547769, -0.026233, 355, 6.173
12/01/2010 12:44:40, 60.548322, -0.026331, 355, 6.173
12/01/2010 12:44:50, 60.548876, -0.02643, 355, 6.173
12/01/2010 12:45:00, 60.549429, -0.026528, 355, 6.173
12/01/2010 12:45:10, 60.549983, -0.026627, 355, 6.173
12/01/2010 12:45:20, 60.550536, -0.026725, 355, 6.173
12/01/2010 12:45:30, 60.55109, -0.026824, 355, 6.173
12/01/2010 12:45:40, 60.551643, -0.026922, 355, 6.173
12/01/2010 12:45:50, 60.552196, -0.027021, 355, 6.173
12/01/2010 12:46:00, 60.55275, -0.027119, 355, 6.173
12/01/2010 12:46:10, 60.553303, -0.027218, 355, 6.173
12/01/2010 12:46:20, 60.553857, -0.027316, 355, 6.173
12/01/2010 12:46:30, 60.55441, -0.027415, 355, 6.173
12/01/2010 12:46:40, 60.554964, -0.027513, 355, 6.173
12/01/2010 12:46:50, 60.555517, -0.027612, 355, 6.173
12/01/2010 12:47:00, 60.556071, -0.02771, 355, 6.173
12/01/2010 12:47:10, 60.556624, -0.027809, 355, 6.173
12/01/2010 12:47:20, 60.557177, -0.027907, 355, 6.173
12/01/2010 12:47:30, 60.557731, -0.028006, 355, 6.173
12/01/2010 12:47:40, 60.558284, -0.028104, 355, 6.173
12/01/2010 12:47:50, 60.558838, -0.028203, 355, 6.173
12/01/2010 12:48:00, 60.559391, -0.028301, 355, 6.173
12/01/2010 12:48:10, 60.559945, -0.0284, 355, 6.173
12/01/2010 12:48:20, 60.560498, -0.028498, 355, 6.173
12/01/2010 12:48:30, 60.561051, -0.028597, 355, 6.173
12/01/2010 12:48:40, 60.561605, -0.028695, 355, 6.173
12/01/2010 12:48:50, 60.562158, -0.028794, 355, 6.173
12/01/2010 12:49:00, 60.562712, -0.028892, 355, 6.173
12/01/2010 12:49:10, 60.563265, -0.028991, 355, 6.173
12/01/2010 12:49:20, 60.563819, -0.029089, 355, 6.173
12/01/2010 12:49:30, 60.564372, -0.029188, 355, 6.173
12/01/2010 12:49:40, 60.564926, -0.029286, 355, 6.173
12/01/2010 12:49:50, 60.565479, -0.029385, 355, 6.173
12/01/2010 12:50:00, 60.566032, -0.029484, 355, 6.173
12/01/2010 12:50:10, 60.566586, -0.029582, 355, 6.173
12/01/2010 12:50:20, 60.567139, -0.029681, 355, 6.173
12/01/2010 12:50:30, 60.567693, -0.029779, 355, 6.173
12/01/2010 12:50:40, 60.568246, -0.029878, 355, 6.173
12/01/2010 12:50:50, 60.5688, -0.029976, 355, 6.173
12/01/2010 12:51:00, 60.569353, -0.030075, 355, 6.173
12/01/2010 12:51:10, 60.569907, -0.030173, 355, 6.173
12/01/2010 12:51:20, 60.57046, -0.030272, 355, 6.173
12/01/2010 12:51:30, 60.571013, -0.03037, 355, 6.173
12/01/2010 12:51:40, 60.571567, -0.030469, 355, 6.173
12/01/2010 12:51:50, 60.57212, -0.030567, 355, 6.173
12/01/2010 12:52:00, 60.572674, -0.030666, 355, 6.173
12/01/2010 12:52:10, 60.573227, -0.030765, 355, 6.173
12/01/2010 12:52:20, 60.573781, -0.030863, 355, 6.173
12/01/2010 12:52:30, 60.574334, -0.030962, 355, 6.173
12/01/2010 12:52:40, 60.574888, -0.03106, 355, 6.173
12/01/2010 12:52:50, 60.575441, -0.031159, 355, 6.173
12/01/2010 12:53:00, 60.575994, -0.031257, 355, 6.173
12/01/2010 12:53:10, 60.576548, -0.031356, 355, 6.173
12/01/2010 12:53:20, 60.577101, -0.031454, 355, 6.173
12/01/2010 12:53:30, 60.577655, -0.031553, 355, 6.173
12/01/2010 12:53:40, 60.578208, -0.031652, 355, 6.173
12/01/2010 12:53:50, 60.578762, -0.03175, 355, 6.173
12/01/2010 12:54:00, 60.579315, -0.031849, 355, 6.173
12/01/2010 12:54:10, 60.579868, -0.031947, 355, 6.173
12/01/2010 12:54:20, 60.580422, -0.032046, 355, 6.173
12/01/2010 12:54:30, 60.580975, -0.032144, 355, 6.173
12/01/2010 12:54:40, 60.581529, -0.032243, 355, 6.173
12/01/2010 12:54:50, 60.582082, -0.032342, 355, 6.173
12/01/2010 12:55:00, 60.582636, -0.03244, 355, 6.173
12/01/2010 12:55:10, 60.583189, -0.032539, 355, 6.173
12/01/2010 12:55:20, 60.583743, -0.032637, 355, 6.173
12/01/2010 12:55:30, 60.584296, -0.032736, 355, 6.173
12/01/2010 12:55:40, 60.584849, -0.032835, 355, 6.173
12/01/2010 12:55:50, 60.585403, -0.032933, 355, 6.173
12/01/2010 12:56:00, 60.585956, -0.033032, 355, 6.173
12/01/2010 12:56:10, 60.58651, -0.03313, 355, 6.173
12/01/2010 12:56:20, 60.587063, -0.033229, 355, 6.173
12/01/2010 12:56:30, 60.587617, -0.033327, 355, 6.173
12/01/2010 12:56:40, 60.58817, -0.033426, 355, 6.173
12/01/2010 12:56:50, 60.588724, -0.033525, 355, 6.173
12/01/2010 12:57:00, 60.589277, -0.033623, 355, 6.173
12/01/2010 12:57:10, 60.58983, -0.033722, 355, 6.173
12/01/2010 12:57:20, 60.590384, -0.03382, 355, 6.173
12/01/2010 12:57:30, 60.590937, -0.033919, 355, 6.173
12/01/2010 12:57:40, 60.591491, -0.034018, 355, 6.173
12/01/2010 12:57:50, 60.592044, -0.034116, 355, 6.173
12/01/2010 12:58:00, 60.592598, -0.034215, 355, 6.173
12/01/2010 12:58:10, 60.593151, -0.034314, 355, 6.173
12/01/2010 12:58:20, 60.593705, -0.034412, 355, 6.173
12/01/2010 12:58:30, 60.594258, -0.034511, 355, 6.173
12/01/2010 12:58:40, 60.594811, -0.034609, 355, 6.173
12/01/2010 12:58:50, 60.595365, -0.034708, 355, 6.173
12/01/2010 12:59:00, 60.595918, -0.034807, 355, 6.173
12/01/2010 12:59:10, 60.596472, -0.034905, 355, 6.173
12/01/2010 12:59:20, 60.597025, -0.035004, 355, 6.173
12/01/2010 12:59:30, 60.597579, -0.035102, 355, 6.173
12/01/2010 12:59:40, 60.598132, -0.035201, 355, 6.173
12/01/2010 12:59:50, 60.598685, -0.0353, 355, 6.173
12/01/2010 13:00:00, 60.599239, -0.035398, 355, 6.173
12/01/2010 13:00:10, 60.599792, -0.035497, 355, 6.173
12/01/2010 13:00:20, 60.600346, -0.035596, 355, 6.173
12/01/2010 13:00:30, 60.600899, -0.035694, 355, 6.173
12/01/2010 13:00:40, 60.601453, -0.035793, 355, 6.173
12/01/2010 13:00:50, 60.602006, -0.035892, 355, 6.173
12/01/2010 13:01:00, 60.60256, -0.03599, 355, 6.173
12/01/2010 13:01:10, 60.603113, -0.036089, 355, 6.173
12/01/2010 13:01:20, 60.603666, -0.036187, 355, 6.173
12/01/2010 13:01:30, 60.60422, -0.036286, 355, 6.173
12/01/2010 13:01:40, 60.604773, -0.036385, 355, 6.173
12/01/2010 13:01:50, 60.605327, -0.036483, 355, 6.173
12/01/2010 13:02:00, 60.60588, -0.036582, 355, 6.173
12/01/2010 13:02:10, 60.606434, -0.036681, 355, 6.173
12/01/2010 13:02:20, 60.606987, -0.036779, 355, 6.173
12/01/2010 13:02:30, 60.607541, -0.036878, 355, 6.173
12/01/2010 13:02:40, 60.608094, -0.036977, 355, 6.173
12/01/2010 13:02:50, 60.608647, -0.037075, 355, 6.173
12/01/2010 13:03:00, 60.609201, -0.037174, 355, 6.173
12/01/2010 13:03:10, 60.609754, -0.037273, 355, 6.173
12/01/2010 13:03:20, 60.610308, -0.037371, 355, 6.173
12/01/2010 13:03:30, 60.610861, -0.03747, 355, 6.173
12/01/2010 13:03:40, 60.611415, -0.037569, 355, 6.173
12/01/2010 13:03:50, 60.611968, -0.037667, 355, 6.173
12/01/2010 13:04:00, 60.612522, -0.037766, 355, 6.173
12/01/2010 13:04:10, 60.613075, -0.037865, 355, 6.173
12/01/2010 13:04:20, 60.613628, -0.037963, 355, 6.173
12/01/2010 13:04:30, 60.614182, -0.038062, 355, 6.173
12/01/2010 13:04:40, 60.614735, -0.038161, 355, 6.173
12/01/2010 13:04:50, 60.615289, -0.038259, 355, 6.173
12/01/2010 13:05:00, 60.615842, -0.038358, 355, 6.173
12/01/2010 13:05:10, 60.616396, -0.038457, 355, 6.173
12/01/2010 13:05:20, 60.616949, -0.038555, 355, 6.173
12/01/2010 13:05:30, 60.617503, -0.038654, 355, 6.173
12/01/2010 13:05:40, 60.618056, -0.038753, 355, 6.173
12/01/2010 13:05:50, 60.618609, -0.038852, 355, 6.173
12/01/2010 13:06:00, 60.619163, -0.03895, 355, 6.173
12/01/2010 13:06:10, 60.619716, -0.039049, 355, 6.173
12/01/2010 13:06:20, 60.62027, -0.039148, 355, 6.173
12/01/2010 13:06:30, 60.620823, -0.039246, 355, 6.173
12/01/2010 13:06:40, 60.621377, -0.039345, 355, 6.173
12/01/2010 13:06:50, 60.62193, -0.039444, 355, 6.173
12/01/2010 13:07:00, 60.622483, -0.039542, 355, 6.173
12/01/2010 13:07:10, 60.623037, -0.039641, 355, 6.173
12/01/2010 13:07:20, 60.62359, -0.03974, 355, 6.173
12/01/2010 13:07:30, 60.624144, -0.039839, 355, 6.173
12/01/2010 13:07:40, 60.624697, -0.039937, 355, 6.173
12/01/2010 13:07:50, 60.625251, -0.040036, 355, 6.173
12/01/2010 13:08:00, 60.625804, -0.040135, 355, 6.173
12/01/2010 13:08:10, 60.626358, -0.040233, 355, 6.173
12/01/2010 13:08:20, 60.626911, -0.040332, 355, 6.173
12/01/2010 13:08:30, 60.627464, -0.040431, 355, 6.173
12/01/2010 13:08:40, 60.628018, -0.04053, 355, 6.173
12/01/2010 13:08:50, 60.628571, -0.040628, 355, 6.173
12/01/2010 13:09:00, 60.629125, -0.040727, 355, 6.173
12/01/2010 13:09:10, 60.629678, -0.040826, 355, 6.173
12/01/2010 13:09:20, 60.630232, -0.040924, 355, 6.173
12/01/2010 13:09:30, 60.630785, -0.041023, 355, 6.173
12/01/2010 13:09:40, 60.631339, -0.041122, 355, 6.173
12/01/2010 13:09:50, 60.631892, -0.041221, 355, 6.173
12/01/2010 13:10:00, 60.632445, -0.041319, 355, 6.173
12/01/2010 13:10:10, 60.632999, -0.041418, 355, 6.173
12/01/2010 13:10:20, 60.633552, -0.041517, 355, 6.173
12/01/2010 13:10:30, 60.634106, -0.041616, 355, 6.173
12/01/2010 13:10:40, 60.634659, -0.041714, 355, 6.173
12/01/2010 13:10:50, 60.635213, -0.041813, 355, 6.173
12/01/2010 13:11:00, 60.635766, -0.041912, 355, 6.173
12/01/2010 13:11:10, 60.63632, -0.04201, 355, 6.173
12/01/2010 13:11:20, 60.636873, -0.042109, 355, 6.173
12/01/2010 13:11:30, 60.637426, -0.042208, 355, 6.173
12/01/2010 13:11:40, 60.63798, -0.042307, 355, 6.173
12/01/2010 13:11:50, 60.638533, -0.042405, 355, 6.173
12/01/2010 13:12:00, 60.639087, -0.042504, 355, 6.173
12/01/2010 13:12:10, 60.63964, -0.042603, 355, 6.173
12/01/2010 13:12:20, 60.640194, -0.042702, 355, 6.173
12/01/2010 13:12:30, 60.640747, -0.042801, 355, 6.173
12/01/2010 13:12:40, 60.6413, -0.042899, 355, 6.173
12/01/2010 13:12:50, 60.641854, -0.042998, 355, 6.173
12/01/2010 13:13:00, 60.642407, -0.043097, 355, 6.173
12/01/2010 13:13:10, 60.642961, -0.043196, 355, 6.173
12/01/2010 13:13:20, 60.643514, -0.043294, 355, 6.173
12/01/2010 13:13:30, 60.644068, -0.043393, 355, 6.173
12/01/2010 13:13:40, 60.644621, -0.043492, 355, 6.173
12/01/2010 13:13:50, 60.645175, -0.043591, 355, 6.173
12/01/2010 13:14:00, 60.645728, -0.043689, 355, 6.173
12/01/2010 13:14:10, 60.646281, -0.043788, 355, 6.173
12/01/2010 13:14:20, 60.646835, -0.043887, 355, 6.173
12/01/2010 13:14:30, 60.647388, -0.043986, 355, 6.173
12/01/2010 13:14:40, 60.647942, -0.044085, 355, 6.173
12/01/2010 13:14:50, 60.648495, -0.044183, 355, 6.173
12/01/2010 13:15:00, 60.649049, -0.044282, 355, 6.173
12/01/2010 13:15:10, 60.649602, -0.044381, 355, 6.173
12/01/2010 13:15:20, 60.650156, -0.04448, 355, 6.173
12/01/2010 13:15:30, 60.650709, -0.044578, 355, 6.173
12/01/2010 13:15:40, 60.651262, -0.044677, 355, 6.173
12/01/2010 13:15:50, 60.651816, -0.044776, 355, 6.173
12/01/2010 13:16:00, 60.652369, -0.044875, 355, 6.173
12/01/2010 13:16:10, 60.652923, -0.044974, 355, 6.173
12/01/2010 13:16:20, 60.653476, -0.045072, 355, 6.173
12/01/2010 13:16:30, 60.65403, -0.045171, 355, 6.173
12/01/2010 13:16:40, 60.654583, -0.04527, 355, 6.173
12/01/2010 13:16:50, 60.655137, -0.045369, 355, 6.173
12/01/2010 13:17:00, 60.65569, -0.045468, 355, 6.173
12/01/2010 13:17:10, 60.656243, -0.045566, 355, 6.173
12/01/2010 13:17:20, 60.656797, -0.045665, 355, 6.173
12/01/2010 13:17:30, 60.65735, -0.045764, 355, 6.173
12/01/2010 13:17:40, 60.657904, -0.045863, 355, 6.173
12/01/2010 13:17:50, 60.658457, -0.045962, 355, 6.173
12/01/2010 13:18:00, 60.659011, -0.04606, 355, 6.173
12/01/2010 13:18:10, 60.659564, -0.046159, 355, 6.173
12/01/2010 13:18:20, 60.660118, -0.046258, 355, 6.173
12/01/2010 13:18:30, 60.660671, -0.046357, 355, 6.173
12/01/2010 13:18:40, 60.661224, -0.046456, 355, 6.173
12/01/2010 13:18:50, 60.661778, -0.046555, 355, 6.173
12/01/2010 13:19:00, 60.662331, -0.046653, 355, 6.173
12/01/2010 13:19:10, 60.662885, -0.046752, 355, 6.173
12/01/2010 13:19:20, 60.663438, -0.046851, 355, 6.173
12/01/2010 13:19:30, 60.663992, -0.04695, 355, 6.173
12/01/2010 13:19:40, 60.664545, -0.047049, 355, 6.173
12/01/2010 13:19:50, 60.665098, -0.047148, 355, 6.173
12/01/2010 13:20:00, 60.665652, -0.047246, 355, 6.173
12/01/2010 13:20:10, 60.666205, -0.047345, 355, 6.173
12/01/2010 13:20:20, 60.666759, -0.047444, 355, 6.173
12/01/2010 13:20:30, 60.667312, -0.047543, 355, 6.173
12/01/2010 13:20:40, 60.667866, -0.047642, 355, 6.173
12/01/2010 13:20:50, 60.668419, -0.047741, 355, 6.173
12/01/2010 13:21:00, 60.668973, -0.047839, 355, 6.173
12/01/2010 13:21:10, 60.669526, -0.047938, 355, 6.173
12/01/2010 13:21:20, 60.670079, -0.048037, 355, 6.173
12/01/2010 13:21:30, 60.670633, -0.048136, 355, 6.173
12/01/2010 13:21:40, 60.671186, -0.048235, 355, 6.173
12/01/2010 13:21:50, 60.67174, -0.048334, 355, 6.173
12/01/2010 13:22:00, 60.672293, -0.048433, 355, 6.173
12/01/2010 13:22:10, 60.672847, -0.048531, 355, 6.173
12/01/2010 13:22:20, 60.6734, -0.04863, 355, 6.173
12/01/2010 13:22:30, 60.673954, -0.048729, 355, 6.173
12/01/2010 13:22:40, 60.674507, -0.048828, 355, 6.173
12/01/2010 13:22:50, 60.67506, -0.048927, 355, 6.173
12/01/2010 13:23:00, 60.675614, -0.049026, 355, 6.173
12/01/2010 13:23:10, 60.676167, -0.049125, 355, 6.173
12/01/2010 13:23:20, 60.676721, -0.049223, 355, 6.173
12/01/2010 13:23:30, 60.677274, -0.049322, 355, 6.173
12/01/2010 13:23:40, 60.677828, -0.049421, 355, 6.173
12/01/2010 13:23:50, 60.678381, -0.04952, 355, 6.173
12/01/2010 13:24:00, 60.678935, -0.049619, 355, 6.173
12/01/2010 13:24:10, 60.679488, -0.049718, 355, 6.173
12/01/2010 13:24:20, 60.680041, -0.049817, 355, 6.173
12/01/2010 13:24:30, 60.680595, -0.049916, 355, 6.173
12/01/2010 13:24:40, 60.681148, -0.050014, 355, 6.173
12/01/2010 13:24:50, 60.681702, -0.050113, 355, 6.173
12/01/2010 13:25:00, 60.682255, -0.050212, 355, 6.173
12/01/2010 13:25:10, 60.682809, -0.050311, 355, 6.173
12/01/2010 13:25:20, 60.683362, -0.05041, 355, 6.173
12/01/2010 13:25:30, 60.683915, -0.050509, 355, 6.173
12/01/2010 13:25:40, 60.684469, -0.050608, 355, 6.173
12/01/2010 13:25:50, 60.685022, -0.050707, 355, 6.173
12/01/2010 13:26:00, 60.685576, -0.050806, 355, 6.173
12/01/2010 13:26:10, 60.686129, -0.050904, 355, 6.173
12/01/2010 13:26:20, 60.686683, -0.051003, 355, 6.173
12/01/2010 13:26:30, 60.687236, -0.051102, 355, 6.173
12/01/2010 13:26:40, 60.68779, -0.051201, 355, 6.173
12/01/2010 13:26:50, 60.688343, -0.0513, 355, 6.173
12/01/2010 13:27:00, 60.688896, -0.051399, 355, 6.173
12/01/2010 13:27:10, 60.68945, -0.051498, 355, 6.173
12/01/2010 13:27:20, 60.690003, -0.051597, 355, 6.173
12/01/2010 13:27:30, 60.690557, -0.051696, 355, 6.173
12/01/2010 13:27:40, 60.69111, -0.051795, 355, 6.173
12/01/2010 13:27:50, 60.691664, -0.051893, 355, 6.173
12/01/2010 13:28:00, 60.692217, -0.051992, 355, 6.173
12/01/2010 13:28:10, 60.692771, -0.052091, 355, 6.173
12/01/2010 13:28:20, 60.693324, -0.05219, 355, 6.173
12/01/2010 13:28:30, 60.693877, -0.052289, 355, 6.173
12/01/2010 13:28:40, 60.694431, -0.052388, 355, 6.173
12/01/2010 13:28:50, 60.694984, -0.052487, 355, 6.173
12/01/2010 13:29:00, 60.695538, -0.052586, 355, 6.173
12/01/2010 13:29:10, 60.696091, -0.052685, 355, 6.173
12/01/2010 13:29:20, 60.696645, -0.052784, 355, 6.173
12/01/2010 13:29:30, 60.697198, -0.052883, 355, 6.173
12/01/2010 13:29:40, 60.697752, -0.052982, 355, 6.173
12/01/2010 13:29:50, 60.698305, -0.053081, 355, 6.173
12/01/2010 13:30:00, 60.698858, -0.05318, 355, 6.173
12/01/2010 13:30:10, 60.699412, -0.053278, 355, 6.173
12/01/2010 13:30:20, 60.699965, -0.053377, 355, 6.173
12/01/2010 13:30:30, 60.700519, -0.053476, 355, 6.173
12/01/2010 13:30:40, 60.701072, -0.053575, 355, 6.173
12/01/2010 13:30:50, 60.701626, -0.053674, 355, 6.173
12/01/2010 13:31:00, 60.702179, -0.053773, 355, 6.173
12/01/2010 13:31:10, 60.702733, -0.053872, 355, 6.173
12/01/2010 13:31:20, 60.703286, -0.053971, 355, 6.173
12/01/2010 13:31:30, 60.703839, -0.05407, 355, 6.173
12/01/2010 13:31:40, 60.704393, -0.054169, 355, 6.173
12/01/2010 13:31:50, 60.704946, -0.054268, 355, 6.173
12/01/2010 13:32:00, 60.7055, -0.054367, 355, 6.173
12/01/2010 13:32:10, 60.706053, -0.054466, 355, 6.173
12/01/2010 13:32:20, 60.706607, -0.054565, 355, 6.173
12/01/2010 13:32:30, 60.70716, -0.054664, 355, 6.173
12/01/2010 13:32:40, 60.707713, -0.054763, 355, 6.173
12/01/2010 13:32:50, 60.708267, -0.054862, 355, 6.173
12/01/2010 13:33:00, 60.70882, -0.054961, 355, 6.173
12/01/2010 13:33:10, 60.709374, -0.05506, 355, 6.173
12/01/2010 13:33:20, 60.709927, -0.055159, 355, 6.173
12/01/2010 13:33:30, 60.710481, -0.055258, 355, 6.173
12/01/2010 13:33:40, 60.711034, -0.055357, 355, 6.173
12/01/2010 13:33:50, 60.711588, -0.055456, 355, 6.173
12/01/2010 13:34:00, 60.712141, -0.055555, 355, 6.173
12/01/2010 13:34:10, 60.712694, -0.055653, 355, 6.173
12/01/2010 13:34:20, 60.713248, -0.055752, 355, 6.173
12/01/2010 13:34:30, 60.713801, -0.055851, 355, 6.173
12/01/2010 13:34:40, 60.714355, -0.05595, 355, 6.173
12/01/2010 13:34:50, 60.714908, -0.056049, 355, 6.173
12/01/2010 13:35:00, 60.715462, -0.056148, 355, 6.173
12/01/2010 13:35:10, 60.716015, -0.056247, 355, 6.173
12/01/2010 13:35:20, 60.716569, -0.056346, 355, 6.173
12/01/2010 13:35:30, 60.717122, -0.056445, 355, 6.173
12/01/2010 13:35:40, 60.717675, -0.056544, 355, 6.173
12/01/2010 13:35:50, 60.718229, -0.056643, 355, 6.173
12/01/2010 13:36:00, 60.718782, -0.056742, 355, 6.173
12/01/2010 13:36:10, 60.719336, -0.056841, 355, 6.173
12/01/2010 13:36:20, 60.719889, -0.05694, 355, 6.173
12/01/2010 13:36:30, 60.720443, -0.057039, 355, 6.173
12/01/2010 13:36:40, 60.720996, -0.057138, 355, 6.173
12/01/2010 13:36:50, 60.72155, -0.057237, 355, 6.173
12/01/2010 13:37:00, 60.722103, -0.057336, 355, 6.173
12/01/2010 13:37:10, 60.722656, -0.057435, 355, 6.173
12/01/2010 13:37:20, 60.72321, -0.057534, 355, 6.173
12/01/2010 13:37:30, 60.723763, -0.057633, 355, 6.173
12/01/2010 13:37:40, 60.724317, -0.057732, 355, 6.173
12/01/2010 13:37:50, 60.72487, -0.057831, 355, 6.173
12/01/2010 13:38:00, 60.725424, -0.05793, 355, 6.173
12/01/2010 13:38:10, 60.725977, -0.058029, 355, 6.173
12/01/2010 13:38:20, 60.72653, -0.058129, 355, 6.173
12/01/2010 13:38:30, 60.727084, -0.058228, 355, 6.173
12/01/2010 13:38:40, 60.727637, -0.058327, 355, 6.173
12/01/2010 13:38:50, 60.728191, -0.058426, 355, 6.173
12/01/2010 13:39:00, 60.728744, -0.058525, 355, 6.173
12/01/2010 13:39:10, 60.729298, -0.058624, 355, 6.173
12/01/2010 13:39:20, 60.729851, -0.058723, 355, 6.173
12/01/2010 13:39:30, 60.730405, -0.058822, 355, 6.173
12/01/2010 13:39:40, 60.730958, -0.058921, 355, 6.173
12/01/2010 13:39:50, 60.731511, -0.05902, 355, 6.173
12/01/2010 13:40:00, 60.732065, -0.059119, 355, 6.173
12/01/2010 13:40:10, 60.732618, -0.059218, 355, 6.173
12/01/2010 13:40:20, 60.733172, -0.059317, 355, 6.173
12/01/2010 13:40:30, 60.733725, -0.059416, 355, 6.173
12/01/2010 13:40:40, 60.734279, -0.059515, 355, 6.173
12/01/2010 13:40:50, 60.734832, -0.059614, 355, 6.173
12/01/2010 13:41:00, 60.735386, -0.059713, 355, 6.173
12/01/2010 13:41:10, 60.735939, -0.059812, 355, 6.173
12/01/2010 13:41:20, 60.736492, -0.059911, 355, 6.173
12/01/2010 13:41:30, 60.737046, -0.06001, 355, 6.173
12/01/2010 13:41:40, 60.737599, -0.060109, 355, 6.173
12/01/2010 13:41:50, 60.738153, -0.060208, 355, 6.173
12/01/2010 13:42:00, 60.738706, -0.060307, 355, 6.173
12/01/2010 13:42:10, 60.73926, -0.060406, 355, 6.173
12/01/2010 13:42:20, 60.739813, -0.060506, 355, 6.173
12/01/2010 13:42:30, 60.740367, -0.060605, 355, 6.173
12/01/2010 13:42:40, 60.74092, -0.060704, 355, 6.173
12/01/2010 13:42:50, 60.741473, -0.060803, 355, 6.173
12/01/2010 13:43:00, 60.742027, -0.060902, 355, 6.173
12/01/2010 13:43:10, 60.74258, -0.061001, 355, 6.173
12/01/2010 13:43:20, 60.743134, -0.0611, 355, 6.173
12/01/2010 13:43:30, 60.743687, -0.061199, 355, 6.173
12/01/2010 13:43:40, 60.744241, -0.061298, 355, 6.173
12/01/2010 13:43:50, 60.744794, -0.061397, 355, 6.173
12/01/2010 13:44:00, 60.745347, -0.061496, 355, 6.173
12/01/2010 13:44:10, 60.745901, -0.061595, 355, 6.173
12/01/2010 13:44:20, 60.746454, -0.061694, 355, 6.173
12/01/2010 13:44:30, 60.747008, -0.061794, 355, 6.173
12/01/2010 13:44:40, 60.747561, -0.061893, 355, 6.173
12/01/2010 13:44:50, 60.748115, -0.061992, 355, 6.173
12/01/2010 13:45:00, 60.748668, -0.062091, 355, 6.173
12/01/2010 13:45:10, 60.749222, -0.06219, 355, 6.173
12/01/2010 13:45:20, 60.749775, -0.062289, 355, 6.173
12/01/2010 13:45:30, 60.750328, -0.062388, 355, 6.173
12/01/2010 13:45:40, 60.750882, -0.062487, 355, 6.173
12/01/2010 13:45:50, 60.751435, -0.062586, 355, 6.173
12/01/2010 13:46:00, 60.751989, -0.062685, 355, 6.173
12/01/2010 13:46:10, 60.752542, -0.062784, 355, 6.173
12/01/2010 13:46:20, 60.753096, -0.062884, 355, 6.173
12/01/2010 13:46:30, 60.753649, -0.062983, 355, 6.173
12/01/2010 13:46:40, 60.754203, -0.063082, 355, 6.173
12/01/2010 13:46:50, 60.754756, -0.063181, 355, 6.173
12/01/2010 13:47:00, 60.755309, -0.06328, 355, 6.173
12/01/2010 13:47:10, 60.755863, -0.063379, 355, 6.173
12/01/2010 13:47:20, 60.756416, -0.063478, 355, 6.173
12/01/2010 13:47:30, 60.75697, -0.063577, 355, 6.173
12/01/2010 13:47:40, 60.757523, -0.063676, 355, 6.173
12/01/2010 13:47:50, 60.758077, -0.063776, 355, 6.173
12/01/2010 13:48:00, 60.75863, -0.063875, 355, 6.173
12/01/2010 13:48:10, 60.759184, -0.063974, 355, 6.173
12/01/2010 13:48:20, 60.759737, -0.064073, 355, 6.173
12/01/2010 13:48:30, 60.76029, -0.064172, 355, 6.173
12/01/2010 13:48:40, 60.760844, -0.064271, 355, 6.173
12/01/2010 13:48:50, 60.761397, -0.06437, 355, 6.173
12/01/2010 13:49:00, 60.761951, -0.064469, 355, 6.173
12/01/2010 13:49:10, 60.762504, -0.064569, 355, 6.173
12/01/2010 13:49:20, 60.763058, -0.064668, 355, 6.173
12/01/2010 13:49:30, 60.763611, -0.064767, 355, 6.173
12/01/2010 13:49:40, 60.764165, -0.064866, 355, 6.173
12/01/2010 13:49:50, 60.764718, -0.064965, 355, 6.173
12/01/2010 13:50:00, 60.765271, -0.065064, 355, 6.173
12/01/2010 13:50:10, 60.765825, -0.065163, 355, 6.173
12/01/2010 13:50:20, 60.766378, -0.065263, 355, 6.173
12/01/2010 13:50:30, 60.766932, -0.065362, 355, 6.173
12/01/2010 13:50:40, 60.767485, -0.065461, 355, 6.173
12/01/2010 13:50:50, 60.768039, -0.06556, 355, 6.173
12/01/2010 13:51:00, 60.768592, -0.065659, 355, 6.173
12/01/2010 13:51:10, 60.769145, -0.065758, 355, 6.173
12/01/2010 13:51:20, 60.769699, -0.065857, 355, 6.173
12/01/2010 13:51:30, 60.770252, -0.065957, 355, 6.173
12/01/2010 13:51:40, 60.770806, -0.066056, 355, 6.173
12/01/2010 13:51:50, 60.771359, -0.066155, 355, 6.173
12/01/2010 13:52:00, 60.771913, -0.066254, 355, 6.173
12/01/2010 13:52:10, 60.772466, -0.066353, 355, 6.173
12/01/2010 13:52:20, 60.77302, -0.066452, 355, 6.173
12/01/2010 13:52:30, 60.773573, -0.066552, 355, 6.173
12/01/2010 13:52:40, 60.774126, -0.066651, 355, 6.173
12/01/2010 13:52:50, 60.77468, -0.06675, 355, 6.173
12/01/2010 13:53:00, 60.775233, -0.066849, 355, 6.173
12/01/2010 13:53:10, 60.775787, -0.066948, 355, 6.173
12/01/2010 13:53:20, 60.77634, -0.067047, 355, 6.173
12/01/2010 13:53:30, 60.776894, -0.067147, 355, 6.173
12/01/2010 13:53:40, 60.777447, -0.067246, 355, 6.173
12/01/2010 13:53:50, 60.778001, -0.067345, 355, 6.173
12/01/2010 13:54:00, 60.778554, -0.067444, 355, 6.173
12/01/2010 13:54:10, 60.779107, -0.067543, 355, 6.173
12/01/2010 13:54:20, 60.779661, -0.067643, 355, 6.173
12/01/2010 13:54:30, 60.780214, -0.067742, 355, 6.173
12/01/2010 13:54:40, 60.780768, -0.067841, 355, 6.173
12/01/2010 13:54:50, 60.781321, -0.06794, 355, 6.173
12/01/2010 13:55:00, 60.781875, -0.068039, 355, 6.173
12/01/2010 13:55:10, 60.782428, -0.068138, 355, 6.173
12/01/2010 13:55:20, 60.782982, -0.068238, 355, 6.173
12/01/2010 13:55:30, 60.783535, -0.068337, 355, 6.173
12/01/2010 13:55:40, 60.784088, -0.068436, 355, 6.173
12/01/2010 13:55:50, 60.784642, -0.068535, 355, 6.173
12/01/2010 13:56:00, 60.785195, -0.068634, 355, 6.173
12/01/2010 13:56:10, 60.785749, -0.068734, 355, 6.173
12/01/2010 13:56:20, 60.786302, -0.068833, 355, 6.173
12/01/2010 13:56:30, 60.786856, -0.068932, 355, 6.173
12/01/2010 13:56:40, 60.787409, -0.069031, 355, 6.173
12/01/2010 13:56:50, 60.787962, -0.069131, 355, 6.173
12/01/2010 13:57:00, 60.788516, -0.06923, 355, 6.173
12/01/2010 13:57:10, 60.789069, -0.069329, 355, 6.173
12/01/2010 13:57:20, 60.789623, -0.069428, 355, 6.173
12/01/2010 13:57:30, 60.790176, -0.069527, 355, 6.173
12/01/2010 13:57:40, 60.79073, -0.069627, 355, 6.173
12/01/2010 13:57:50, 60.791283, -0.069726, 355, 6.173
12/01/2010 13:58:00, 60.791837, -0.069825, 355, 6.173
12/01/2010 13:58:10, 60.79239, -0.069924, 355, 6.173
12/01/2010 13:58:20, 60.792943, -0.070024, 355, 6.173
12/01/2010 13:58:30, 60.793497, -0.070123, 355, 6.173
12/01/2010 13:58:40, 60.79405, -0.070222, 355, 6.173
12/01/2010 13:58:50, 60.794604, -0.070321, 355, 6.173
12/01/2010 13:59:00, 60.795157, -0.07042, 355, 6.173
12/01/2010 13:59:10, 60.795711, -0.07052, 355, 6.173
12/01/2010 13:59:20, 60.796264, -0.070619, 355, 6.173
12/01/2010 13:59:30, 60.796818, -0.070718, 355, 6.173
12/01/2010 13:59:40, 60.797371, -0.070817, 355, 6.173
12/01/2010 13:59:50, 60.797924, -0.070917, 355, 6.173
12/01/2010 14:00:00, 60.798478, -0.071016, 355, 6.173
